deal_id,from_stage,to_stage,transition_date
SAP-001,,Discovery,2026-01-12T16:00:00
SAP-001,Discovery,Qualification,2026-01-21T17:45:00
SAP-001,Qualification,Technical Evaluation,2026-02-05T15:45:00
SAP-001,Technical Evaluation,Negotiation,2026-02-24T09:00:00
SAP-001,Negotiation,Closed Won,2026-03-03T15:00:00
SAP-002,,Discovery,2026-02-03T15:30:00
SAP-002,Discovery,Qualification,2026-02-12T13:30:00
SAP-002,Qualification,Technical Evaluation,2026-02-27T09:30:00
SAP-002,Technical Evaluation,Business Case,2026-03-27T12:30:00
SAP-002,Business Case,Negotiation,2026-04-20T17:30:00
SAP-002,Negotiation,Closed Won,2026-04-27T15:45:00
SAP-003,,Discovery,2026-03-07T16:45:00
SAP-003,Discovery,Qualification,2026-03-10T16:45:00
SAP-003,Qualification,Technical Evaluation,2026-03-16T14:45:00
SAP-003,Technical Evaluation,Negotiation,2026-03-20T17:15:00
SAP-003,Negotiation,Closed Won,2026-03-23T16:00:00
SAP-004,,Discovery,2025-12-09T17:45:00
SAP-004,Discovery,Qualification,2025-12-25T11:00:00
SAP-004,Qualification,Technical Evaluation,2026-01-14T15:30:00
SAP-004,Technical Evaluation,Business Case,2026-02-12T16:45:00
SAP-005,,Discovery,2026-01-16T14:45:00
SAP-005,Discovery,Qualification,2026-02-06T08:00:00
SAP-005,Qualification,Technical Evaluation,2026-03-19T17:45:00
SAP-005,Technical Evaluation,Business Case,2026-04-23T13:15:00
SAP-006,,Discovery,2026-04-22T12:45:00
SAP-006,Discovery,Qualification,2026-04-27T14:00:00
SAP-007,,Discovery,2026-03-18T12:30:00
SAP-007,Discovery,Qualification,2026-03-23T15:30:00
SAP-007,Qualification,Technical Evaluation,2026-04-01T14:45:00
SAP-008,,Discovery,2025-11-20T12:45:00
SAP-008,Discovery,Qualification,2025-12-08T14:15:00
SAP-008,Qualification,Closed Lost,2025-12-22T09:00:00
SAP-009,,Discovery,2026-02-25T09:15:00
SAP-009,Discovery,Qualification,2026-03-02T08:30:00
SAP-009,Qualification,Technical Evaluation,2026-03-09T10:00:00
SAP-009,Technical Evaluation,Business Case,2026-03-17T17:45:00
SAP-009,Business Case,Negotiation,2026-03-23T16:15:00
SAP-009,Negotiation,Closed Lost,2026-03-25T17:30:00
SAP-010,,Discovery,2026-01-20T10:15:00
SAP-010,Discovery,Qualification,2026-01-29T12:45:00
SAP-010,Qualification,Technical Evaluation,2026-02-09T16:15:00
SAP-010,Technical Evaluation,Negotiation,2026-02-20T14:00:00
SAP-010,Negotiation,Closed Won,2026-03-09T13:00:00
SAP-011,,Discovery,2025-11-30T08:45:00
SAP-011,Discovery,Qualification,2025-12-17T15:30:00
SAP-011,Qualification,Technical Evaluation,2026-01-06T15:15:00
SAP-011,Technical Evaluation,Business Case,2026-03-03T11:45:00
SAP-012,,Discovery,2025-12-15T17:30:00
SAP-012,Discovery,Qualification,2025-12-29T09:45:00
SAP-012,Qualification,Technical Evaluation,2026-02-11T10:00:00
SAP-012,Technical Evaluation,Business Case,2026-03-04T15:15:00
SAP-013,,Discovery,2026-04-15T16:15:00
SAP-013,Discovery,Qualification,2026-04-20T10:45:00
SAP-014,,Discovery,2026-03-28T09:45:00
SAP-014,Discovery,Qualification,2026-04-02T10:30:00
SAP-015,,Discovery,2025-12-15T16:30:00
SAP-015,Discovery,Qualification,2025-12-29T11:00:00
SAP-015,Qualification,Technical Evaluation,2026-01-26T15:30:00
SAP-015,Technical Evaluation,Business Case,2026-03-02T08:30:00
SAP-015,Negotiation,Closed Won,2026-03-23T17:15:00
SAP-015,Business Case,Negotiation,2026-05-08T16:15:00
SAP-016,,Discovery,2025-12-18T10:00:00
SAP-016,Discovery,Technical Evaluation,2025-12-25T17:00:00
SAP-016,Technical Evaluation,Business Case,2026-01-09T10:30:00
SAP-016,Business Case,Negotiation,2026-01-21T14:30:00
SAP-016,Negotiation,Closed Won,2026-01-27T08:00:00
SAP-017,,Discovery,2026-02-11T08:45:00
SAP-017,Discovery,Qualification,2026-02-17T17:45:00
SAP-017,Qualification,Technical Evaluation,2026-02-25T13:30:00
SAP-017,Technical Evaluation,Business Case,2026-03-12T08:45:00
SAP-017,Business Case,Negotiation,2026-03-30T13:30:00
SAP-017,Negotiation,Closed Won,2026-04-06T12:45:00
SAP-018,,Discovery,2026-03-09T16:30:00
SAP-018,Discovery,Technical Evaluation,2026-03-19T12:00:00
SAP-018,Technical Evaluation,Business Case,2026-03-31T13:45:00
SAP-018,Negotiation,Closed Won,2026-04-08T08:45:00
SAP-018,Business Case,Negotiation,2026-04-15T14:15:00
SAP-019,,Discovery,2026-02-16T09:15:00
SAP-019,Discovery,Qualification,2026-02-20T16:30:00
SAP-019,Qualification,Technical Evaluation,2026-02-25T08:00:00
SAP-019,Technical Evaluation,Negotiation,2026-03-02T15:00:00
SAP-019,Negotiation,Closed Won,2026-03-06T16:15:00
SAP-020,,Discovery,2026-02-09T15:45:00
SAP-020,Discovery,Qualification,2026-02-13T17:30:00
SAP-020,Qualification,Technical Evaluation,2026-02-19T10:45:00
SAP-020,Technical Evaluation,Business Case,2026-02-25T16:45:00
SAP-020,Negotiation,Closed Won,2026-02-27T10:00:00
SAP-020,Business Case,Negotiation,2026-03-09T10:00:00
SAP-021,,Discovery,2026-04-09T10:00:00
SAP-021,Discovery,Qualification,2026-04-14T14:30:00
SAP-021,Qualification,Technical Evaluation,2026-04-20T08:15:00
SAP-021,Technical Evaluation,Business Case,2026-04-27T12:30:00
SAP-021,Negotiation,Closed Won,2026-04-27T14:30:00
SAP-021,Business Case,Negotiation,2026-05-05T11:00:00
SAP-022,,Discovery,2026-01-19T08:30:00
SAP-022,Discovery,Qualification,2026-01-23T11:15:00
SAP-022,Qualification,Technical Evaluation,2026-01-27T10:00:00
SAP-022,Technical Evaluation,Business Case,2026-02-03T09:00:00
SAP-022,Negotiation,Closed Won,2026-02-03T16:15:00
SAP-022,Business Case,Negotiation,2026-02-12T12:00:00
SAP-023,,Discovery,2026-01-19T13:45:00
SAP-023,Discovery,Qualification,2026-01-22T13:45:00
SAP-023,Qualification,Technical Evaluation,2026-01-26T11:45:00
SAP-023,Technical Evaluation,Business Case,2026-02-04T13:30:00
SAP-023,Negotiation,Closed Won,2026-02-09T10:45:00
SAP-023,Business Case,Negotiation,2026-02-13T14:15:00
SAP-024,,Discovery,2026-02-16T16:00:00
SAP-024,Discovery,Qualification,2026-02-25T15:45:00
SAP-024,Qualification,Technical Evaluation,2026-03-12T13:45:00
SAP-024,Negotiation,Closed Won,2026-03-30T12:30:00
SAP-024,Technical Evaluation,Business Case,2026-04-01T15:15:00
SAP-024,Business Case,Negotiation,2026-04-23T13:00:00
SAP-025,,Discovery,2025-11-10T12:30:00
SAP-025,Discovery,Qualification,2025-12-04T15:30:00
SAP-025,Qualification,Technical Evaluation,2025-12-22T09:15:00
SAP-025,Technical Evaluation,Business Case,2026-01-12T09:15:00
SAP-025,Negotiation,Closed Won,2026-03-30T09:45:00
SAP-025,Business Case,Negotiation,2026-04-06T15:15:00
SAP-026,,Discovery,2026-02-09T15:30:00
SAP-026,Discovery,Qualification,2026-02-12T17:45:00
SAP-026,Qualification,Technical Evaluation,2026-02-17T12:00:00
SAP-026,Technical Evaluation,Business Case,2026-02-23T08:45:00
SAP-026,Business Case,Negotiation,2026-03-02T15:15:00
SAP-026,Negotiation,Closed Won,2026-03-06T14:30:00
SAP-027,,Discovery,2026-03-02T17:00:00
SAP-027,Discovery,Qualification,2026-03-11T17:30:00
SAP-027,Qualification,Technical Evaluation,2026-03-23T13:15:00
SAP-027,Technical Evaluation,Business Case,2026-04-20T10:30:00
SAP-027,Negotiation,Closed Won,2026-04-23T15:15:00
SAP-027,Business Case,Negotiation,2026-05-11T16:45:00
SAP-028,,Discovery,2026-01-02T13:30:00
SAP-028,Discovery,Qualification,2026-01-12T16:15:00
SAP-028,Qualification,Technical Evaluation,2026-02-02T10:15:00
SAP-028,Negotiation,Closed Won,2026-02-26T12:30:00
SAP-028,Technical Evaluation,Business Case,2026-02-27T17:00:00
SAP-028,Business Case,Negotiation,2026-03-11T12:30:00
SAP-029,,Discovery,2025-10-16T12:15:00
SAP-029,Discovery,Qualification,2025-11-03T09:45:00
SAP-029,Qualification,Technical Evaluation,2025-11-24T10:30:00
SAP-029,Technical Evaluation,Business Case,2026-01-19T08:45:00
SAP-029,Negotiation,Closed Won,2026-02-23T16:15:00
SAP-029,Business Case,Negotiation,2026-05-22T13:30:00
SAP-030,,Discovery,2026-02-02T13:15:00
SAP-030,Discovery,Qualification,2026-02-05T14:45:00
SAP-030,Qualification,Technical Evaluation,2026-02-09T12:45:00
SAP-030,Technical Evaluation,Business Case,2026-02-17T17:45:00
SAP-030,Negotiation,Closed Won,2026-02-23T10:00:00
SAP-030,Business Case,Negotiation,2026-02-25T11:00:00
SAP-031,,Discovery,2026-01-01T12:30:00
SAP-031,Discovery,Qualification,2026-01-21T16:45:00
SAP-031,Qualification,Technical Evaluation,2026-02-16T13:45:00
SAP-031,Technical Evaluation,Business Case,2026-03-11T10:15:00
SAP-031,Negotiation,Closed Won,2026-03-24T09:45:00
SAP-031,Business Case,Negotiation,2026-05-25T14:00:00
SAP-032,,Discovery,2026-02-06T16:45:00
SAP-032,Discovery,Technical Evaluation,2026-02-16T17:45:00
SAP-032,Technical Evaluation,Business Case,2026-03-06T08:15:00
SAP-032,Business Case,Negotiation,2026-03-20T08:00:00
SAP-032,Negotiation,Closed Won,2026-03-30T16:30:00
SAP-033,,Discovery,2026-01-07T15:15:00
SAP-033,Discovery,Qualification,2026-01-27T11:45:00
SAP-033,Qualification,Technical Evaluation,2026-03-02T13:45:00
SAP-033,Negotiation,Closed Won,2026-04-03T08:45:00
SAP-033,Technical Evaluation,Business Case,2026-04-28T17:15:00
SAP-033,Business Case,Negotiation,2026-06-19T17:45:00
SAP-034,,Discovery,2026-02-02T08:30:00
SAP-034,Discovery,Qualification,2026-02-06T10:00:00
SAP-034,Qualification,Technical Evaluation,2026-02-10T17:00:00
SAP-034,Negotiation,Closed Won,2026-02-16T10:30:00
SAP-034,Technical Evaluation,Business Case,2026-02-17T14:00:00
SAP-034,Business Case,Negotiation,2026-02-25T14:00:00
SAP-035,,Discovery,2026-01-19T16:00:00
SAP-035,Discovery,Qualification,2026-01-23T15:00:00
SAP-035,Qualification,Technical Evaluation,2026-01-27T15:00:00
SAP-035,Technical Evaluation,Business Case,2026-02-02T09:30:00
SAP-035,Negotiation,Closed Won,2026-02-04T16:15:00
SAP-035,Business Case,Negotiation,2026-02-09T17:00:00
SAP-036,,Discovery,2025-12-19T14:45:00
SAP-036,Discovery,Technical Evaluation,2025-12-29T17:15:00
SAP-036,Technical Evaluation,Business Case,2026-01-15T16:15:00
SAP-036,Business Case,Negotiation,2026-02-02T14:30:00
SAP-036,Negotiation,Closed Won,2026-02-03T09:00:00
SAP-037,,Discovery,2026-02-10T10:45:00
SAP-037,Discovery,Qualification,2026-02-16T08:45:00
SAP-037,Qualification,Technical Evaluation,2026-03-10T14:30:00
SAP-037,Technical Evaluation,Business Case,2026-03-25T09:00:00
SAP-037,Negotiation,Closed Won,2026-04-03T17:15:00
SAP-037,Business Case,Negotiation,2026-04-09T09:45:00
SAP-038,,Discovery,2025-12-30T17:45:00
SAP-038,Discovery,Qualification,2026-01-07T08:30:00
SAP-038,Qualification,Technical Evaluation,2026-01-22T08:45:00
SAP-038,Technical Evaluation,Business Case,2026-02-03T14:00:00
SAP-038,Business Case,Negotiation,2026-02-16T09:15:00
SAP-038,Negotiation,Closed Won,2026-02-23T14:30:00
SAP-039,,Discovery,2026-01-19T09:00:00
SAP-039,Discovery,Qualification,2026-02-02T12:45:00
SAP-039,Qualification,Technical Evaluation,2026-02-18T10:00:00
SAP-039,Negotiation,Closed Won,2026-03-02T13:45:00
SAP-039,Technical Evaluation,Business Case,2026-03-09T17:30:00
SAP-039,Business Case,Negotiation,2026-03-27T11:30:00
SAP-040,,Discovery,2026-01-14T08:30:00
SAP-040,Discovery,Qualification,2026-01-23T16:30:00
SAP-040,Qualification,Business Case,2026-02-05T11:30:00
SAP-040,Negotiation,Closed Won,2026-02-23T16:15:00
SAP-040,Business Case,Negotiation,2026-02-26T16:30:00
SAP-041,,Discovery,2025-10-27T09:15:00
SAP-041,Discovery,Qualification,2025-11-20T17:45:00
SAP-041,Qualification,Technical Evaluation,2025-12-16T10:45:00
SAP-041,Technical Evaluation,Business Case,2026-01-16T08:00:00
SAP-041,Business Case,Negotiation,2026-03-09T11:45:00
SAP-041,Negotiation,Closed Won,2026-03-16T09:45:00
SAP-042,,Discovery,2025-12-15T11:45:00
SAP-042,Discovery,Qualification,2025-12-22T09:00:00
SAP-042,Qualification,Technical Evaluation,2025-12-31T15:45:00
SAP-042,Technical Evaluation,Business Case,2026-01-12T16:45:00
SAP-042,Business Case,Negotiation,2026-01-26T09:00:00
SAP-042,Negotiation,Closed Won,2026-02-09T09:45:00
SAP-043,,Discovery,2025-12-23T11:45:00
SAP-043,Discovery,Qualification,2025-12-31T08:15:00
SAP-043,Qualification,Technical Evaluation,2026-01-12T12:45:00
SAP-043,Technical Evaluation,Business Case,2026-02-02T11:30:00
SAP-043,Negotiation,Closed Won,2026-02-04T14:30:00
SAP-043,Business Case,Negotiation,2026-02-16T14:00:00
SAP-044,,Discovery,2026-02-20T11:45:00
SAP-044,Discovery,Qualification,2026-03-03T12:30:00
SAP-044,Qualification,Technical Evaluation,2026-03-13T08:15:00
SAP-044,Technical Evaluation,Business Case,2026-03-30T13:00:00
SAP-044,Negotiation,Closed Won,2026-04-10T14:45:00
SAP-044,Business Case,Negotiation,2026-04-17T14:45:00
SAP-045,,Discovery,2026-02-02T14:45:00
SAP-045,Discovery,Qualification,2026-02-11T12:00:00
SAP-045,Qualification,Technical Evaluation,2026-02-27T14:30:00
SAP-045,Negotiation,Closed Won,2026-03-13T16:45:00
SAP-045,Technical Evaluation,Business Case,2026-03-20T12:00:00
SAP-045,Business Case,Negotiation,2026-04-07T09:15:00
SAP-046,,Discovery,2026-01-26T09:00:00
SAP-046,Discovery,Qualification,2026-02-10T08:15:00
SAP-046,Qualification,Technical Evaluation,2026-03-09T16:00:00
SAP-046,Technical Evaluation,Negotiation,2026-04-07T14:30:00
SAP-046,Negotiation,Closed Won,2026-04-20T08:45:00
SAP-047,,Discovery,2026-01-01T15:45:00
SAP-047,Discovery,Qualification,2026-01-07T08:30:00
SAP-047,Qualification,Technical Evaluation,2026-01-15T10:45:00
SAP-047,Technical Evaluation,Business Case,2026-02-10T15:15:00
SAP-047,Negotiation,Closed Won,2026-02-18T14:00:00
SAP-047,Business Case,Negotiation,2026-03-02T12:00:00
SAP-048,,Discovery,2026-02-23T12:00:00
SAP-048,Discovery,Qualification,2026-03-02T11:45:00
SAP-048,Qualification,Technical Evaluation,2026-03-11T10:15:00
SAP-048,Technical Evaluation,Business Case,2026-03-30T09:45:00
SAP-048,Negotiation,Closed Won,2026-04-13T15:00:00
SAP-048,Business Case,Negotiation,2026-04-21T15:30:00
SAP-049,,Discovery,2026-03-26T08:30:00
SAP-049,Discovery,Qualification,2026-03-30T14:00:00
SAP-049,Qualification,Business Case,2026-04-02T12:45:00
SAP-049,Negotiation,Closed Won,2026-04-09T09:30:00
SAP-049,Business Case,Negotiation,2026-04-13T12:30:00
SAP-050,,Discovery,2026-03-30T09:30:00
SAP-050,Discovery,Qualification,2026-04-03T14:30:00
SAP-050,Negotiation,Closed Won,2026-04-06T16:30:00
SAP-050,Qualification,Technical Evaluation,2026-04-07T08:30:00
SAP-050,Technical Evaluation,Business Case,2026-04-15T15:45:00
SAP-050,Business Case,Negotiation,2026-04-20T13:30:00
SAP-051,,Discovery,2026-04-14T14:00:00
SAP-051,Discovery,Qualification,2026-04-20T13:00:00
SAP-051,Qualification,Technical Evaluation,2026-04-24T14:15:00
SAP-051,Negotiation,Closed Won,2026-04-27T13:15:00
SAP-051,Technical Evaluation,Business Case,2026-04-30T11:45:00
SAP-051,Business Case,Negotiation,2026-05-05T09:00:00
SAP-052,,Discovery,2026-01-05T14:45:00
SAP-052,Discovery,Qualification,2026-01-15T14:30:00
SAP-052,Qualification,Technical Evaluation,2026-01-30T17:45:00
SAP-052,Technical Evaluation,Business Case,2026-02-16T11:30:00
SAP-052,Negotiation,Closed Won,2026-02-24T11:30:00
SAP-052,Business Case,Negotiation,2026-03-03T12:15:00
SAP-053,,Discovery,2026-01-01T15:30:00
SAP-053,Discovery,Qualification,2026-01-06T14:45:00
SAP-053,Qualification,Closed Lost,2026-01-19T09:00:00
SAP-054,,Discovery,2026-01-12T12:30:00
SAP-054,Discovery,Qualification,2026-01-26T10:30:00
SAP-054,Qualification,Technical Evaluation,2026-02-06T15:00:00
SAP-054,Business Case,Closed Lost,2026-02-13T09:30:00
SAP-054,Technical Evaluation,Business Case,2026-02-18T12:30:00
SAP-055,,Discovery,2026-01-05T08:00:00
SAP-055,Discovery,Qualification,2026-01-12T17:00:00
SAP-055,Qualification,Closed Lost,2026-01-19T11:15:00
SAP-056,,Discovery,2026-02-02T14:45:00
SAP-056,Discovery,Qualification,2026-02-09T12:45:00
SAP-056,Qualification,Technical Evaluation,2026-02-17T09:00:00
SAP-056,Negotiation,Closed Lost,2026-02-25T12:15:00
SAP-056,Technical Evaluation,Business Case,2026-03-09T16:15:00
SAP-056,Business Case,Negotiation,2026-03-23T12:00:00
SAP-057,,Discovery,2026-02-09T14:45:00
SAP-057,Discovery,Qualification,2026-02-23T09:15:00
SAP-057,Qualification,Technical Evaluation,2026-03-09T15:00:00
SAP-057,Technical Evaluation,Closed Lost,2026-03-26T17:15:00
SAP-058,,Discovery,2026-03-11T09:45:00
SAP-058,Discovery,Technical Evaluation,2026-03-23T09:15:00
SAP-058,Technical Evaluation,Closed Lost,2026-04-02T09:30:00
SAP-059,,Discovery,2026-02-27T09:45:00
SAP-059,Discovery,Qualification,2026-03-03T10:30:00
SAP-059,Qualification,Technical Evaluation,2026-03-09T12:00:00
SAP-059,Technical Evaluation,Business Case,2026-03-13T15:15:00
SAP-059,Negotiation,Closed Lost,2026-03-16T17:00:00
SAP-059,Business Case,Negotiation,2026-03-19T14:45:00
SAP-060,,Discovery,2026-04-03T10:45:00
SAP-060,Discovery,Technical Evaluation,2026-04-06T15:00:00
SAP-060,Technical Evaluation,Business Case,2026-04-15T17:30:00
SAP-060,Business Case,Closed Lost,2026-04-22T09:45:00
SAP-061,,Discovery,2026-02-04T17:30:00
SAP-061,Discovery,Qualification,2026-02-19T11:45:00
SAP-061,Qualification,Technical Evaluation,2026-03-17T10:45:00
SAP-061,Technical Evaluation,Closed Lost,2026-04-06T10:00:00
SAP-062,,Discovery,2026-01-12T08:15:00
SAP-062,Discovery,Qualification,2026-01-23T14:45:00
SAP-062,Qualification,Technical Evaluation,2026-02-04T11:30:00
SAP-062,Business Case,Closed Lost,2026-02-12T09:15:00
SAP-062,Technical Evaluation,Business Case,2026-02-26T12:45:00
SAP-063,,Discovery,2026-04-01T09:15:00
SAP-063,Discovery,Qualification,2026-04-06T11:15:00
SAP-063,Qualification,Technical Evaluation,2026-04-09T14:30:00
SAP-063,Technical Evaluation,Business Case,2026-04-13T17:45:00
SAP-063,Business Case,Negotiation,2026-04-20T09:30:00
SAP-063,Negotiation,Closed Lost,2026-04-22T14:00:00
SAP-064,,Discovery,2025-12-11T16:15:00
SAP-064,Discovery,Technical Evaluation,2025-12-24T09:15:00
SAP-064,Technical Evaluation,Closed Lost,2026-02-10T08:15:00
SAP-065,,Discovery,2026-02-12T11:45:00
SAP-065,Discovery,Technical Evaluation,2026-02-16T15:45:00
SAP-065,Technical Evaluation,Closed Lost,2026-02-23T08:30:00
SAP-066,,Discovery,2026-01-22T12:00:00
SAP-066,Discovery,Qualification,2026-02-02T17:45:00
SAP-066,Qualification,Technical Evaluation,2026-03-05T15:45:00
SAP-066,Technical Evaluation,Closed Lost,2026-04-13T15:00:00
SAP-067,,Discovery,2025-12-09T14:30:00
SAP-067,Discovery,Qualification,2025-12-22T11:45:00
SAP-067,Qualification,Business Case,2026-01-19T17:15:00
SAP-067,Negotiation,Closed Lost,2026-03-16T12:30:00
SAP-067,Business Case,Negotiation,2026-04-28T15:00:00
SAP-068,,Discovery,2026-01-16T16:15:00
SAP-068,Discovery,Qualification,2026-01-22T14:45:00
SAP-068,Qualification,Closed Lost,2026-01-29T15:30:00
SAP-069,,Discovery,2026-01-26T10:15:00
SAP-069,Discovery,Technical Evaluation,2026-02-09T16:45:00
SAP-069,Technical Evaluation,Closed Lost,2026-02-24T11:45:00
SAP-070,,Discovery,2025-11-17T16:15:00
SAP-070,Discovery,Qualification,2025-12-04T15:00:00
SAP-070,Qualification,Technical Evaluation,2025-12-29T14:15:00
SAP-070,Technical Evaluation,Business Case,2026-02-03T12:30:00
SAP-070,Negotiation,Closed Lost,2026-04-16T12:30:00
SAP-070,Business Case,Negotiation,2026-06-08T16:15:00
SAP-071,,Discovery,2025-12-22T17:15:00
SAP-071,Discovery,Qualification,2026-01-13T13:15:00
SAP-071,Qualification,Technical Evaluation,2026-02-09T12:30:00
SAP-071,Negotiation,Closed Lost,2026-03-20T11:15:00
SAP-071,Technical Evaluation,Business Case,2026-03-20T14:45:00
SAP-071,Business Case,Negotiation,2026-07-13T10:00:00
SAP-072,,Discovery,2026-01-29T16:15:00
SAP-072,Discovery,Qualification,2026-02-09T10:30:00
SAP-072,Qualification,Technical Evaluation,2026-03-02T09:30:00
SAP-072,Technical Evaluation,Closed Lost,2026-03-26T17:30:00
SAP-073,,Discovery,2025-12-01T11:30:00
SAP-073,Discovery,Qualification,2025-12-22T08:45:00
SAP-073,Qualification,Technical Evaluation,2026-01-08T13:00:00
SAP-073,Technical Evaluation,Closed Lost,2026-01-30T09:30:00
SAP-074,,Discovery,2026-03-02T13:00:00
SAP-074,Discovery,Qualification,2026-03-18T12:30:00
SAP-074,Qualification,Technical Evaluation,2026-04-02T16:00:00
SAP-074,Technical Evaluation,Business Case,2026-04-13T11:15:00
SAP-074,Business Case,Closed Lost,2026-04-13T14:00:00
SAP-075,,Discovery,2025-09-15T09:00:00
SAP-075,Discovery,Qualification,2025-10-07T17:30:00
SAP-075,Qualification,Technical Evaluation,2025-10-24T12:30:00
SAP-075,Technical Evaluation,Business Case,2025-12-04T09:30:00
SAP-075,Business Case,Closed Lost,2026-02-09T11:15:00
SAP-076,,Discovery,2026-03-18T09:00:00
SAP-076,Discovery,Qualification,2026-03-23T13:15:00
SAP-076,Qualification,Closed Lost,2026-03-30T10:15:00
SAP-077,,Discovery,2026-02-12T12:15:00
SAP-077,Discovery,Qualification,2026-02-19T12:00:00
SAP-077,Qualification,Closed Lost,2026-03-02T17:00:00
SAP-078,,Discovery,2026-03-02T13:45:00
SAP-078,Discovery,Qualification,2026-03-09T14:15:00
SAP-078,Qualification,Technical Evaluation,2026-03-16T14:00:00
SAP-078,Technical Evaluation,Closed Lost,2026-03-23T13:00:00
SAP-079,,Discovery,2026-01-26T15:00:00
SAP-079,Discovery,Qualification,2026-02-02T08:45:00
SAP-079,Qualification,Technical Evaluation,2026-02-16T15:45:00
SAP-079,Technical Evaluation,Business Case,2026-03-11T16:45:00
SAP-079,Business Case,Closed Lost,2026-03-17T08:30:00
SAP-080,,Discovery,2026-01-12T14:30:00
SAP-080,Discovery,Qualification,2026-01-14T09:30:00
SAP-080,Qualification,Technical Evaluation,2026-01-19T12:45:00
SAP-080,Technical Evaluation,Closed Lost,2026-01-23T16:00:00
SAP-081,,Discovery,2026-03-05T08:15:00
SAP-081,Discovery,Qualification,2026-03-12T16:30:00
SAP-081,Qualification,Technical Evaluation,2026-03-30T16:00:00
SAP-081,Negotiation,Closed Lost,2026-03-31T16:45:00
SAP-081,Technical Evaluation,Business Case,2026-04-20T13:45:00
SAP-081,Business Case,Negotiation,2026-05-14T15:00:00
SAP-082,,Discovery,2026-03-30T15:30:00
SAP-082,Discovery,Qualification,2026-04-06T13:30:00
SAP-082,Qualification,Technical Evaluation,2026-04-17T16:15:00
SAP-082,Negotiation,Closed Lost,2026-04-27T12:30:00
SAP-082,Technical Evaluation,Business Case,2026-05-08T14:45:00
SAP-082,Business Case,Negotiation,2026-06-09T15:30:00
SAP-083,,Discovery,2026-03-10T08:00:00
SAP-083,Discovery,Qualification,2026-03-13T10:15:00
SAP-083,Qualification,Closed Lost,2026-03-17T13:45:00
SAP-084,,Discovery,2025-12-10T17:00:00
SAP-084,Discovery,Qualification,2026-01-06T17:15:00
SAP-084,Qualification,Technical Evaluation,2026-01-22T16:15:00
SAP-084,Technical Evaluation,Business Case,2026-03-05T15:30:00
SAP-084,Business Case,Closed Lost,2026-04-01T11:30:00
SAP-085,,Discovery,2026-04-02T11:15:00
SAP-085,Discovery,Qualification,2026-04-06T12:30:00
SAP-085,Qualification,Technical Evaluation,2026-04-13T15:00:00
SAP-085,Business Case,Closed Lost,2026-04-20T11:00:00
SAP-085,Technical Evaluation,Business Case,2026-04-22T15:30:00
SAP-086,,Discovery,2025-12-31T11:30:00
SAP-086,Discovery,Qualification,2026-01-09T11:00:00
SAP-086,Qualification,Technical Evaluation,2026-01-21T15:30:00
SAP-086,Technical Evaluation,Closed Lost,2026-02-04T09:30:00
SAP-087,,Discovery,2026-03-23T13:00:00
SAP-087,Discovery,Technical Evaluation,2026-03-30T14:15:00
SAP-087,Technical Evaluation,Closed Lost,2026-03-30T16:15:00
SAP-088,,Discovery,2026-01-15T14:00:00
SAP-088,Discovery,Qualification,2026-01-20T16:15:00
SAP-088,Qualification,Business Case,2026-02-04T15:00:00
SAP-088,Business Case,Closed Lost,2026-02-09T13:30:00
SAP-089,,Discovery,2026-01-16T16:15:00
SAP-089,Discovery,Technical Evaluation,2026-01-27T12:15:00
SAP-089,Technical Evaluation,Closed Lost,2026-02-26T17:00:00
SAP-090,,Discovery,2026-02-16T12:30:00
SAP-090,Discovery,Qualification,2026-02-23T13:00:00
SAP-090,Qualification,Technical Evaluation,2026-03-09T13:15:00
SAP-090,Technical Evaluation,Closed Lost,2026-03-23T17:00:00
SAP-091,,Discovery,2026-05-18T15:30:00
SAP-091,Discovery,Qualification,2026-05-28T16:00:00
SAP-092,,Discovery,2026-04-13T11:45:00
SAP-092,Discovery,Qualification,2026-04-20T13:15:00
SAP-093,,Discovery,2026-07-06T11:00:00
SAP-093,Discovery,Qualification,2026-07-15T08:45:00
SAP-094,,Discovery,2026-08-28T13:15:00
SAP-094,Discovery,Qualification,2026-08-31T14:00:00
SAP-095,,Discovery,2026-02-17T10:30:00
SAP-095,Discovery,Qualification,2026-02-27T13:15:00
SAP-096,,Discovery,2026-08-25T10:45:00
SAP-096,Discovery,Qualification,2026-08-31T09:30:00
SAP-097,,Discovery,2026-05-13T15:00:00
SAP-097,Discovery,Qualification,2026-05-19T09:45:00
SAP-098,,Discovery,2026-05-08T14:45:00
SAP-098,Discovery,Qualification,2026-05-15T12:45:00
SAP-099,,Discovery,2026-08-25T14:00:00
SAP-099,Discovery,Qualification,2026-09-03T10:15:00
SAP-100,,Discovery,2026-05-27T11:45:00
SAP-100,Discovery,Qualification,2026-06-08T15:30:00
SAP-101,,Discovery,2026-04-13T14:45:00
SAP-101,Discovery,Qualification,2026-04-27T08:30:00
SAP-102,,Discovery,2026-01-12T11:00:00
SAP-102,Discovery,Qualification,2026-01-23T08:30:00
SAP-103,,Discovery,2026-06-12T16:30:00
SAP-103,Discovery,Qualification,2026-06-22T11:00:00
SAP-104,,Discovery,2026-05-06T10:30:00
SAP-104,Discovery,Qualification,2026-05-13T14:30:00
SAP-105,,Discovery,2026-03-30T10:45:00
SAP-105,Discovery,Qualification,2026-04-14T15:45:00
SAP-106,,Discovery,2026-04-27T14:45:00
SAP-106,Discovery,Qualification,2026-05-07T14:30:00
SAP-107,,Discovery,2026-04-09T17:45:00
SAP-107,Discovery,Qualification,2026-04-17T10:15:00
SAP-108,,Discovery,2026-06-15T12:00:00
SAP-108,Discovery,Qualification,2026-06-24T10:45:00
SAP-109,,Discovery,2026-05-22T12:00:00
SAP-109,Discovery,Qualification,2026-05-25T10:00:00
SAP-110,,Discovery,2026-07-27T09:00:00
SAP-110,Discovery,Qualification,2026-08-03T16:45:00
SAP-110,Qualification,Technical Evaluation,2026-08-11T11:45:00
SAP-111,,Discovery,2026-08-26T14:15:00
SAP-111,Discovery,Qualification,2026-09-01T09:45:00
SAP-111,Qualification,Technical Evaluation,2026-09-08T15:45:00
SAP-112,,Discovery,2026-05-01T13:15:00
SAP-112,Discovery,Qualification,2026-05-13T13:00:00
SAP-112,Qualification,Technical Evaluation,2026-05-25T13:00:00
SAP-113,,Discovery,2026-05-18T09:45:00
SAP-113,Discovery,Qualification,2026-05-20T17:30:00
SAP-113,Qualification,Technical Evaluation,2026-05-25T14:15:00
SAP-114,,Discovery,2026-03-02T12:45:00
SAP-114,Discovery,Qualification,2026-03-16T11:00:00
SAP-114,Qualification,Technical Evaluation,2026-04-20T10:45:00
SAP-115,,Discovery,2026-09-07T10:15:00
SAP-115,Discovery,Technical Evaluation,2026-09-11T11:00:00
SAP-116,,Discovery,2026-08-26T14:15:00
SAP-116,Discovery,Qualification,2026-09-04T15:15:00
SAP-116,Qualification,Technical Evaluation,2026-09-23T13:15:00
SAP-117,,Discovery,2026-07-22T14:00:00
SAP-117,Discovery,Qualification,2026-08-13T10:00:00
SAP-117,Qualification,Technical Evaluation,2026-09-21T08:45:00
SAP-118,,Discovery,2026-06-01T10:15:00
SAP-118,Discovery,Qualification,2026-06-08T15:00:00
SAP-118,Qualification,Technical Evaluation,2026-06-29T13:45:00
SAP-119,,Discovery,2026-05-18T12:45:00
SAP-119,Discovery,Qualification,2026-05-25T08:15:00
SAP-119,Qualification,Technical Evaluation,2026-06-10T16:15:00
SAP-120,,Discovery,2026-06-02T13:00:00
SAP-120,Discovery,Qualification,2026-06-11T10:30:00
SAP-120,Qualification,Technical Evaluation,2026-06-22T12:30:00
SAP-121,,Discovery,2026-04-03T15:45:00
SAP-121,Discovery,Technical Evaluation,2026-04-29T13:15:00
SAP-122,,Discovery,2025-12-30T14:45:00
SAP-122,Discovery,Technical Evaluation,2026-01-16T13:30:00
SAP-123,,Discovery,2025-12-29T09:45:00
SAP-123,Discovery,Qualification,2026-01-12T13:30:00
SAP-123,Qualification,Technical Evaluation,2026-02-05T12:00:00
SAP-124,,Discovery,2026-05-25T17:30:00
SAP-124,Discovery,Qualification,2026-06-05T12:00:00
SAP-124,Qualification,Technical Evaluation,2026-06-15T17:00:00
SAP-125,,Discovery,2026-06-02T08:30:00
SAP-125,Discovery,Qualification,2026-06-11T09:00:00
SAP-125,Qualification,Technical Evaluation,2026-06-22T13:00:00
SAP-126,,Discovery,2026-03-24T16:30:00
SAP-126,Discovery,Qualification,2026-04-13T12:00:00
SAP-126,Qualification,Technical Evaluation,2026-05-04T12:00:00
SAP-127,,Discovery,2026-04-14T09:00:00
SAP-127,Discovery,Technical Evaluation,2026-04-28T13:15:00
SAP-128,,Discovery,2026-03-02T09:00:00
SAP-128,Discovery,Qualification,2026-03-23T15:00:00
SAP-128,Qualification,Technical Evaluation,2026-04-07T10:30:00
SAP-129,,Discovery,2026-06-05T17:00:00
SAP-129,Discovery,Qualification,2026-06-12T10:45:00
SAP-129,Qualification,Technical Evaluation,2026-06-17T08:00:00
SAP-130,,Discovery,2026-03-20T11:15:00
SAP-130,Discovery,Qualification,2026-03-30T14:30:00
SAP-130,Qualification,Technical Evaluation,2026-04-13T15:30:00
SAP-131,,Discovery,2026-05-12T13:45:00
SAP-131,Discovery,Qualification,2026-05-19T08:00:00
SAP-131,Qualification,Technical Evaluation,2026-06-11T11:00:00
SAP-132,,Discovery,2026-06-30T13:00:00
SAP-132,Discovery,Qualification,2026-07-03T11:30:00
SAP-132,Qualification,Technical Evaluation,2026-07-06T13:00:00
SAP-133,,Discovery,2026-07-24T08:45:00
SAP-133,Discovery,Qualification,2026-07-30T10:00:00
SAP-133,Qualification,Technical Evaluation,2026-08-11T14:00:00
SAP-134,,Discovery,2026-05-13T16:30:00
SAP-134,Discovery,Qualification,2026-05-29T10:00:00
SAP-134,Qualification,Technical Evaluation,2026-06-30T09:45:00
SAP-135,,Discovery,2026-08-06T08:15:00
SAP-135,Discovery,Qualification,2026-08-10T14:45:00
SAP-135,Qualification,Technical Evaluation,2026-08-17T12:15:00
SAP-136,,Discovery,2026-05-04T15:30:00
SAP-136,Discovery,Qualification,2026-05-18T14:00:00
SAP-136,Qualification,Technical Evaluation,2026-06-03T12:45:00
SAP-137,,Discovery,2026-06-16T09:15:00
SAP-137,Discovery,Qualification,2026-06-22T13:45:00
SAP-137,Qualification,Technical Evaluation,2026-06-26T12:15:00
SAP-138,,Discovery,2026-05-15T10:30:00
SAP-138,Discovery,Qualification,2026-06-02T13:15:00
SAP-138,Qualification,Technical Evaluation,2026-06-17T10:45:00
SAP-139,,Discovery,2026-04-20T15:30:00
SAP-139,Discovery,Technical Evaluation,2026-04-27T09:45:00
SAP-140,,Discovery,2026-08-25T17:30:00
SAP-140,Discovery,Qualification,2026-08-28T13:30:00
SAP-140,Qualification,Technical Evaluation,2026-09-03T10:00:00
SAP-141,,Discovery,2026-08-11T14:00:00
SAP-141,Discovery,Qualification,2026-08-17T13:45:00
SAP-141,Qualification,Technical Evaluation,2026-08-28T17:30:00
SAP-142,,Discovery,2026-05-20T14:45:00
SAP-142,Discovery,Qualification,2026-05-25T15:00:00
SAP-142,Qualification,Technical Evaluation,2026-06-01T09:45:00
SAP-142,Technical Evaluation,Business Case,2026-06-08T17:45:00
SAP-143,,Discovery,2026-06-18T09:45:00
SAP-143,Discovery,Qualification,2026-06-29T08:00:00
SAP-143,Qualification,Business Case,2026-07-08T12:00:00
SAP-144,,Discovery,2026-06-12T12:00:00
SAP-144,Discovery,Qualification,2026-07-03T12:00:00
SAP-144,Qualification,Technical Evaluation,2026-08-04T12:30:00
SAP-144,Technical Evaluation,Business Case,2026-09-21T14:00:00
SAP-145,,Discovery,2026-05-18T11:00:00
SAP-145,Discovery,Qualification,2026-05-25T08:15:00
SAP-145,Qualification,Business Case,2026-06-05T09:15:00
SAP-146,,Discovery,2026-04-13T10:00:00
SAP-146,Discovery,Qualification,2026-04-27T12:45:00
SAP-146,Qualification,Technical Evaluation,2026-05-19T08:00:00
SAP-146,Technical Evaluation,Business Case,2026-06-12T13:00:00
SAP-147,,Discovery,2026-06-15T12:00:00
SAP-147,Discovery,Qualification,2026-06-25T15:00:00
SAP-147,Qualification,Technical Evaluation,2026-07-08T16:30:00
SAP-147,Technical Evaluation,Business Case,2026-07-28T14:30:00
SAP-148,,Discovery,2026-03-09T17:00:00
SAP-148,Discovery,Qualification,2026-03-18T13:00:00
SAP-148,Qualification,Technical Evaluation,2026-04-07T12:45:00
SAP-148,Technical Evaluation,Business Case,2026-04-27T14:30:00
SAP-149,,Discovery,2026-06-08T16:30:00
SAP-149,Discovery,Qualification,2026-06-10T10:45:00
SAP-149,Qualification,Technical Evaluation,2026-06-15T15:45:00
SAP-149,Technical Evaluation,Business Case,2026-06-23T14:00:00
SAP-150,,Discovery,2026-05-18T09:15:00
SAP-150,Discovery,Qualification,2026-06-01T13:45:00
SAP-150,Qualification,Technical Evaluation,2026-07-03T16:00:00
SAP-150,Technical Evaluation,Business Case,2026-08-27T08:45:00
SAP-151,,Discovery,2026-04-13T10:45:00
SAP-151,Discovery,Qualification,2026-04-22T11:15:00
SAP-151,Qualification,Technical Evaluation,2026-05-07T17:45:00
SAP-151,Technical Evaluation,Business Case,2026-05-27T16:45:00
SAP-152,,Discovery,2026-03-30T13:30:00
SAP-152,Discovery,Qualification,2026-04-10T17:30:00
SAP-152,Qualification,Business Case,2026-04-24T11:15:00
SAP-153,,Discovery,2026-03-31T13:45:00
SAP-153,Discovery,Qualification,2026-04-07T15:00:00
SAP-153,Qualification,Technical Evaluation,2026-04-20T16:15:00
SAP-153,Technical Evaluation,Business Case,2026-05-14T16:30:00
SAP-154,,Discovery,2026-06-01T16:45:00
SAP-154,Discovery,Qualification,2026-06-15T13:15:00
SAP-154,Qualification,Technical Evaluation,2026-07-09T12:45:00
SAP-154,Technical Evaluation,Business Case,2026-08-24T09:15:00
SAP-155,,Discovery,2026-06-16T12:45:00
SAP-155,Discovery,Qualification,2026-06-22T10:15:00
SAP-155,Qualification,Technical Evaluation,2026-07-06T15:00:00
SAP-155,Technical Evaluation,Business Case,2026-07-23T11:45:00
SAP-156,,Discovery,2026-03-31T13:30:00
SAP-156,Discovery,Qualification,2026-04-15T08:00:00
SAP-156,Qualification,Technical Evaluation,2026-05-12T10:15:00
SAP-156,Technical Evaluation,Business Case,2026-06-22T10:15:00
SAP-157,,Discovery,2025-12-22T09:15:00
SAP-157,Discovery,Qualification,2026-01-16T09:15:00
SAP-157,Qualification,Technical Evaluation,2026-02-02T10:00:00
SAP-157,Technical Evaluation,Business Case,2026-03-02T13:45:00
SAP-158,,Discovery,2026-05-11T16:15:00
SAP-158,Discovery,Qualification,2026-05-18T16:30:00
SAP-158,Qualification,Technical Evaluation,2026-06-03T10:15:00
SAP-158,Technical Evaluation,Business Case,2026-06-15T10:30:00
SAP-159,,Discovery,2026-04-08T08:15:00
SAP-159,Discovery,Qualification,2026-04-13T16:30:00
SAP-159,Qualification,Technical Evaluation,2026-04-24T15:00:00
SAP-159,Technical Evaluation,Business Case,2026-05-08T13:30:00
SAP-160,,Discovery,2026-04-03T11:15:00
SAP-160,Discovery,Qualification,2026-04-30T13:15:00
SAP-160,Qualification,Technical Evaluation,2026-05-26T08:30:00
SAP-160,Technical Evaluation,Business Case,2026-07-03T14:00:00
SAP-161,,Discovery,2026-04-08T12:15:00
SAP-161,Discovery,Qualification,2026-04-13T15:15:00
SAP-161,Qualification,Business Case,2026-04-21T14:00:00
SAP-162,,Discovery,2026-07-23T10:00:00
SAP-162,Discovery,Qualification,2026-07-27T09:00:00
SAP-162,Qualification,Business Case,2026-08-03T13:30:00
SAP-163,,Discovery,2026-06-24T11:15:00
SAP-163,Discovery,Qualification,2026-07-09T14:30:00
SAP-163,Qualification,Technical Evaluation,2026-07-28T12:30:00
SAP-163,Technical Evaluation,Business Case,2026-08-12T11:45:00
SAP-164,,Discovery,2026-04-06T09:30:00
SAP-164,Discovery,Qualification,2026-04-27T10:30:00
SAP-164,Qualification,Technical Evaluation,2026-05-11T15:15:00
SAP-164,Technical Evaluation,Business Case,2026-06-12T11:15:00
SAP-165,,Discovery,2026-06-08T14:00:00
SAP-165,Discovery,Qualification,2026-06-11T10:00:00
SAP-165,Qualification,Technical Evaluation,2026-06-17T17:30:00
SAP-165,Technical Evaluation,Business Case,2026-06-24T13:30:00
SAP-166,,Discovery,2026-04-24T15:45:00
SAP-166,Discovery,Qualification,2026-05-01T12:00:00
SAP-166,Qualification,Technical Evaluation,2026-05-25T17:15:00
SAP-166,Technical Evaluation,Business Case,2026-06-15T09:45:00
SAP-167,,Discovery,2026-03-06T08:15:00
SAP-167,Discovery,Qualification,2026-04-06T12:00:00
SAP-167,Qualification,Technical Evaluation,2026-04-27T11:30:00
SAP-167,Technical Evaluation,Business Case,2026-06-08T10:00:00
SAP-168,,Discovery,2026-05-25T08:15:00
SAP-168,Discovery,Qualification,2026-05-29T12:45:00
SAP-168,Qualification,Technical Evaluation,2026-06-01T16:45:00
SAP-168,Technical Evaluation,Business Case,2026-06-08T09:30:00
SAP-169,,Discovery,2026-06-15T12:00:00
SAP-169,Discovery,Qualification,2026-06-23T10:00:00
SAP-169,Qualification,Technical Evaluation,2026-07-06T12:45:00
SAP-169,Technical Evaluation,Business Case,2026-07-27T09:15:00
SAP-170,,Discovery,2026-03-23T16:30:00
SAP-170,Discovery,Technical Evaluation,2026-04-01T16:30:00
SAP-170,Technical Evaluation,Business Case,2026-04-29T16:15:00
SAP-171,,Discovery,2026-04-08T12:00:00
SAP-171,Discovery,Qualification,2026-04-20T13:15:00
SAP-171,Qualification,Technical Evaluation,2026-05-05T11:15:00
SAP-171,Technical Evaluation,Business Case,2026-05-18T14:15:00
SAP-172,,Discovery,2026-03-10T09:30:00
SAP-172,Discovery,Qualification,2026-03-27T09:00:00
SAP-172,Qualification,Technical Evaluation,2026-04-09T14:15:00
SAP-172,Technical Evaluation,Business Case,2026-05-14T09:00:00
SAP-173,,Discovery,2026-04-20T12:30:00
SAP-173,Discovery,Qualification,2026-04-28T10:00:00
SAP-173,Qualification,Technical Evaluation,2026-05-12T11:15:00
SAP-173,Technical Evaluation,Business Case,2026-05-27T17:15:00
SAP-174,,Discovery,2026-05-15T11:30:00
SAP-174,Discovery,Qualification,2026-05-18T11:30:00
SAP-174,Qualification,Technical Evaluation,2026-05-22T16:45:00
SAP-174,Technical Evaluation,Business Case,2026-05-29T12:15:00
SAP-175,,Discovery,2026-08-10T16:15:00
SAP-175,Discovery,Qualification,2026-08-12T08:15:00
SAP-175,Qualification,Technical Evaluation,2026-08-17T08:00:00
SAP-175,Technical Evaluation,Business Case,2026-08-25T17:45:00
SAP-176,,Discovery,2026-06-01T08:15:00
SAP-176,Discovery,Qualification,2026-06-10T13:45:00
SAP-176,Qualification,Technical Evaluation,2026-06-19T15:00:00
SAP-176,Technical Evaluation,Business Case,2026-06-29T09:45:00
SAP-177,,Discovery,2026-03-23T14:00:00
SAP-177,Discovery,Qualification,2026-04-08T10:30:00
SAP-177,Qualification,Technical Evaluation,2026-05-05T14:45:00
SAP-177,Technical Evaluation,Business Case,2026-06-04T11:45:00
SAP-178,,Discovery,2026-04-27T11:30:00
SAP-178,Discovery,Qualification,2026-05-06T11:00:00
SAP-178,Qualification,Technical Evaluation,2026-05-19T12:15:00
SAP-178,Technical Evaluation,Business Case,2026-06-12T14:00:00
SAP-179,,Discovery,2026-03-05T17:45:00
SAP-179,Discovery,Qualification,2026-04-03T13:15:00
SAP-179,Qualification,Technical Evaluation,2026-04-24T11:15:00
SAP-179,Technical Evaluation,Business Case,2026-05-22T16:15:00
SAP-179,Business Case,Negotiation,2026-07-27T08:45:00
SAP-180,,Discovery,2026-05-15T16:15:00
SAP-180,Discovery,Qualification,2026-05-25T10:30:00
SAP-180,Qualification,Technical Evaluation,2026-06-01T13:15:00
SAP-180,Technical Evaluation,Business Case,2026-06-18T12:00:00
SAP-180,Business Case,Negotiation,2026-07-02T12:00:00
SAP-181,,Discovery,2026-07-07T09:30:00
SAP-181,Discovery,Qualification,2026-07-13T13:00:00
SAP-181,Qualification,Technical Evaluation,2026-07-16T12:00:00
SAP-181,Technical Evaluation,Business Case,2026-07-23T13:00:00
SAP-181,Business Case,Negotiation,2026-07-30T12:30:00
SAP-182,,Discovery,2026-02-09T16:15:00
SAP-182,Discovery,Qualification,2026-02-18T16:15:00
SAP-182,Qualification,Technical Evaluation,2026-03-09T12:15:00
SAP-182,Technical Evaluation,Business Case,2026-04-20T15:15:00
SAP-182,Business Case,Negotiation,2026-07-13T13:30:00
SAP-183,,Discovery,2026-06-15T13:30:00
SAP-183,Discovery,Qualification,2026-06-18T08:30:00
SAP-183,Qualification,Technical Evaluation,2026-06-24T12:15:00
SAP-183,Technical Evaluation,Business Case,2026-07-01T15:30:00
SAP-183,Business Case,Negotiation,2026-07-06T17:45:00
SAP-184,,Discovery,2026-06-01T11:15:00
SAP-184,Discovery,Qualification,2026-06-15T14:30:00
SAP-184,Qualification,Technical Evaluation,2026-07-06T11:30:00
SAP-184,Technical Evaluation,Business Case,2026-08-04T15:15:00
SAP-184,Business Case,Negotiation,2026-08-24T15:15:00
SAP-185,,Discovery,2026-04-13T13:00:00
SAP-185,Discovery,Qualification,2026-04-21T10:45:00
SAP-185,Qualification,Technical Evaluation,2026-05-05T17:45:00
SAP-185,Technical Evaluation,Business Case,2026-05-21T13:30:00
SAP-185,Business Case,Negotiation,2026-06-15T10:15:00
SAP-186,,Discovery,2026-03-27T08:00:00
SAP-186,Discovery,Qualification,2026-04-03T08:15:00
SAP-186,Qualification,Technical Evaluation,2026-04-13T11:30:00
SAP-186,Technical Evaluation,Business Case,2026-05-05T14:45:00
SAP-186,Business Case,Negotiation,2026-05-28T14:30:00
SAP-187,,Discovery,2026-06-08T09:00:00
SAP-187,Discovery,Qualification,2026-06-10T10:45:00
SAP-187,Qualification,Technical Evaluation,2026-06-15T09:30:00
SAP-187,Technical Evaluation,Business Case,2026-06-19T11:00:00
SAP-187,Business Case,Negotiation,2026-06-29T09:45:00
SAP-188,,Discovery,2026-04-23T10:15:00
SAP-188,Discovery,Qualification,2026-04-30T13:30:00
SAP-188,Qualification,Technical Evaluation,2026-05-18T15:15:00
SAP-188,Technical Evaluation,Business Case,2026-06-08T10:15:00
SAP-188,Business Case,Negotiation,2026-07-08T15:00:00
SAP-189,,Discovery,2026-05-12T16:30:00
SAP-189,Discovery,Qualification,2026-05-18T11:45:00
SAP-189,Qualification,Technical Evaluation,2026-06-01T10:00:00
SAP-189,Technical Evaluation,Business Case,2026-06-11T09:15:00
SAP-189,Business Case,Negotiation,2026-06-29T13:45:00
SAP-190,,Discovery,2026-04-09T15:00:00
SAP-190,Discovery,Qualification,2026-04-17T12:00:00
SAP-190,Qualification,Business Case,2026-04-24T11:30:00
SAP-190,Business Case,Negotiation,2026-05-15T15:45:00
SAP-191,,Discovery,2026-06-23T15:30:00
SAP-191,Discovery,Qualification,2026-06-25T14:15:00
SAP-191,Qualification,Technical Evaluation,2026-06-29T14:45:00
SAP-191,Technical Evaluation,Business Case,2026-07-06T11:45:00
SAP-191,Business Case,Negotiation,2026-07-17T14:45:00
SAP-192,,Discovery,2026-01-19T08:15:00
SAP-192,Discovery,Qualification,2026-02-06T15:15:00
SAP-192,Qualification,Technical Evaluation,2026-03-04T11:45:00
SAP-192,Technical Evaluation,Business Case,2026-04-08T11:45:00
SAP-192,Business Case,Negotiation,2026-06-25T13:15:00
SAP-193,,Discovery,2025-12-26T09:00:00
SAP-193,Discovery,Qualification,2026-01-19T09:45:00
SAP-193,Qualification,Technical Evaluation,2026-02-05T11:30:00
SAP-193,Technical Evaluation,Business Case,2026-03-23T11:15:00
SAP-193,Business Case,Negotiation,2026-07-20T09:00:00
SAP-194,,Discovery,2026-03-23T16:15:00
SAP-194,Discovery,Qualification,2026-04-01T16:45:00
SAP-194,Qualification,Technical Evaluation,2026-04-09T09:30:00
SAP-194,Technical Evaluation,Business Case,2026-04-30T11:30:00
SAP-194,Business Case,Negotiation,2026-05-25T11:00:00
SAP-195,,Discovery,2026-06-30T14:00:00
SAP-195,Discovery,Qualification,2026-07-03T15:30:00
SAP-195,Qualification,Technical Evaluation,2026-07-08T17:00:00
SAP-195,Technical Evaluation,Business Case,2026-07-15T14:30:00
SAP-195,Business Case,Negotiation,2026-07-20T13:45:00
SAP-196,,Discovery,2026-03-06T09:15:00
SAP-196,Discovery,Qualification,2026-03-16T10:30:00
SAP-196,Qualification,Technical Evaluation,2026-03-26T11:45:00
SAP-196,Technical Evaluation,Business Case,2026-04-14T13:15:00
SAP-196,Business Case,Negotiation,2026-05-04T15:45:00
SAP-197,,Discovery,2026-05-06T12:45:00
SAP-197,Discovery,Qualification,2026-05-13T09:00:00
SAP-197,Qualification,Technical Evaluation,2026-06-01T11:45:00
SAP-197,Technical Evaluation,Business Case,2026-07-07T11:30:00
SAP-197,Business Case,Negotiation,2026-07-21T09:15:00
SAP-198,,Discovery,2025-12-08T14:45:00
SAP-198,Discovery,Qualification,2026-01-02T12:00:00
SAP-198,Qualification,Technical Evaluation,2026-01-23T15:30:00
SAP-198,Technical Evaluation,Business Case,2026-02-12T10:30:00
SAP-198,Business Case,Negotiation,2026-07-20T17:30:00
SAP-199,,Discovery,2026-07-03T11:30:00
SAP-199,Discovery,Qualification,2026-07-06T09:45:00
SAP-199,Qualification,Technical Evaluation,2026-07-13T10:45:00
SAP-199,Technical Evaluation,Business Case,2026-07-17T13:15:00
SAP-199,Business Case,Negotiation,2026-07-27T13:45:00
SAP-200,,Discovery,2026-01-05T11:45:00
SAP-200,Discovery,Qualification,2026-01-26T11:45:00
SAP-200,Qualification,Technical Evaluation,2026-03-02T10:15:00
SAP-200,Technical Evaluation,Negotiation,2026-03-30T10:00:00
